dataset,clip_id,t,k,latent_l2_drift,cosine_distance,normalized_l2,ensemble_variance,effective_rank,mahalanobis,ebid_entropy,pixel_error
ssv2,137530,8,2,4.879541873931885,0.020145058631896973,0.3612978160381317,6.599771586479619e-05,3.559919595718384,7852.15771484375,1.269737958908081,0.24689191579818726
ssv2,137530,8,4,5.900963306427002,0.026445090770721436,0.44409656524658203,1.1703917152772192e-05,3.1066720485687256,29657.7578125,1.133552074432373,0.247628852725029
ssv2,137530,8,8,23.820585250854492,1.695558786392212,3.3934874534606934,1.4286782061390113e-05,2.030749559402466,96861.609375,0.7084049582481384,0.23907993733882904
ssv2,137530,8,16,4.130270004272461,0.012098252773284912,0.2661519944667816,3.193485099473037e-06,3.088953733444214,281.90594482421875,1.1278324127197266,0.26841387152671814
ssv2,137530,8,32,2.862067222595215,0.007034122943878174,0.16798533499240875,2.0279821910662577e-06,2.352505683898926,6398.3486328125,0.855480968952179,0.22571618854999542
ssv2,137573,8,2,4.071672439575195,0.018595635890960693,0.3447377681732178,4.041400461574085e-05,3.4614477157592773,2519.5927734375,1.2416869401931763,0.3274552524089813
ssv2,137573,8,4,5.461886882781982,0.02806079387664795,0.4768199920654297,6.885357379360357e-06,3.821737051010132,27770.7578125,1.3407050371170044,0.3296422064304352
ssv2,137573,8,8,6.81810998916626,0.04228568077087402,0.614719808101654,5.094909283798188e-06,3.01202392578125,41819.58203125,1.1026122570037842,0.3272925317287445
ssv2,137573,8,16,9.028545379638672,0.08241325616836548,0.8968538641929626,2.1702451249439036e-06,3.091885566711426,33525.68359375,1.1287810802459717,0.3287966549396515
ssv2,137573,8,32,15.205427169799805,0.4342626929283142,2.289170503616333,1.7330263517578715e-06,2.200228691101074,69458.625,0.7885612845420837,0.3313167095184326
ssv2,137596,8,2,2.6008472442626953,0.006248533725738525,0.1573740392923355,5.033568959333934e-05,4.3815741539001465,18093.025390625,1.4774080514907837,0.25050169229507446
ssv2,137596,8,4,2.9737770557403564,0.006943404674530029,0.1799754500389099,1.075656200555386e-05,3.371321678161621,15578.4013671875,1.2153048515319824,0.2519076466560364
ssv2,137596,8,8,3.2662553787231445,0.007972955703735352,0.1980157196521759,5.418534783530049e-06,4.079836368560791,22970.859375,1.4060568809509277,0.25348541140556335
ssv2,137596,8,16,3.5330123901367188,0.00926905870437622,0.21441417932510376,3.2057125736173475e-06,2.8263044357299805,6672.55859375,1.0389699935913086,0.25577276945114136
ssv2,137596,8,32,3.275416851043701,0.008840739727020264,0.19266265630722046,1.549218154650589e-06,3.1361823081970215,10275.4384765625,1.1430062055587769,0.2578471899032593
kinetics_mini,val/archery/3and4vWkW4s_000011_000021,8,2,3.3969967365264893,0.031004130840301514,0.4589434564113617,1.506217540736543e-05,4.250718116760254,23427.470703125,1.4470878839492798,0.28694477677345276
kinetics_mini,val/archery/3and4vWkW4s_000011_000021,8,4,4.2201151847839355,0.034995973110198975,0.5883095264434814,8.824899850878865e-06,3.0274252891540527,15498.6640625,1.1077125072479248,0.2907666265964508
kinetics_mini,val/archery/3and4vWkW4s_000011_000021,8,8,4.830772876739502,0.04313087463378906,0.7023217082023621,3.4184743071818957e-06,4.261601448059082,21065.603515625,1.4496450424194336,0.29348260164260864
kinetics_mini,val/archery/3and4vWkW4s_000011_000021,8,16,5.061077117919922,0.046517372131347656,0.7476876378059387,2.582845809229184e-06,3.0704569816589355,44012.87109375,1.121826410293579,0.29540833830833435
kinetics_mini,val/archery/3and4vWkW4s_000011_000021,8,32,4.671070098876953,0.03761887550354004,0.65279221534729,1.2898923387183459e-06,2.9211812019348145,23578.03125,1.0719881057739258,0.29431983828544617
kinetics_mini,val/archery/3hoSk280ndk_000025_000035,8,2,2.9496078491210938,0.007677197456359863,0.19959618151187897,3.894829933415167e-05,4.332830905914307,22995.673828125,1.4662210941314697,0.2747194468975067
kinetics_mini,val/archery/3hoSk280ndk_000025_000035,8,4,3.644307851791382,0.009449422359466553,0.24700085818767548,1.18341695269919e-05,3.0535545349121094,11971.9716796875,1.1163063049316406,0.2747868597507477
kinetics_mini,val/archery/3hoSk280ndk_000025_000035,8,8,4.162209510803223,0.011651277542114258,0.282198429107666,6.0761299209843855e-06,3.5264668464660645,316.5556945800781,1.2602964639663696,0.27365854382514954
kinetics_mini,val/archery/3hoSk280ndk_000025_000035,8,16,4.692251205444336,0.014768362045288086,0.31947845220565796,2.9986149456817657e-06,3.0685343742370605,12071.7431640625,1.1212000846862793,0.2727532386779785
kinetics_mini,val/archery/3hoSk280ndk_000025_000035,8,32,5.225218296051025,0.018735826015472412,0.35729488730430603,4.046513367939042e-06,1.772038221359253,20888.62890625,0.5721304416656494,0.272224098443985
kinetics_mini,val/archery/4hxnP0stMN0_000003_000013,8,2,3.2584502696990967,0.018356680870056152,0.1913570612668991,5.040891483076848e-05,4.265317440032959,5035.6923828125,1.4505165815353394,0.25117573142051697
kinetics_mini,val/archery/4hxnP0stMN0_000003_000013,8,4,4.562958240509033,0.03598564863204956,0.26806896924972534,1.2553213309729472e-05,3.003588914871216,11251.908203125,1.099807858467102,0.2582927644252777
kinetics_mini,val/archery/4hxnP0stMN0_000003_000013,8,8,4.248027324676514,0.03573817014694214,0.266126811504364,7.709065357630607e-06,2.4791066646575928,5879.642578125,0.9078983068466187,0.27140185236930847
kinetics_mini,val/archery/4hxnP0stMN0_000003_000013,8,16,9.222139358520508,0.18321263790130615,1.2802448272705078,5.370115104597062e-06,2.3272416591644287,2857.530029296875,0.8446837663650513,0.29834648966789246
kinetics_mini,val/archery/4hxnP0stMN0_000003_000013,8,32,3.5989530086517334,0.037143170833587646,0.2762087881565094,1.6482930504935212e-06,2.750626564025879,7462.45703125,1.0118287801742554,0.30256736278533936
kinetics_mini,val/archery/4wXnaqEDh3c_000014_000024,8,2,2.468137264251709,0.006535351276397705,0.137836754322052,5.332886939868331e-05,4.106999397277832,7615.28271484375,1.412692666053772,0.2592719793319702
kinetics_mini,val/archery/4wXnaqEDh3c_000014_000024,8,4,2.6072583198547363,0.006818115711212158,0.14560046792030334,2.2017447918187827e-05,2.811389684677124,153.93310546875,1.0336788892745972,0.26122286915779114
kinetics_mini,val/archery/4wXnaqEDh3c_000014_000024,8,8,2.6843574047088623,0.007219254970550537,0.14954452216625214,1.2111117939639371e-05,2.3925254344940186,23499.716796875,0.8723495006561279,0.2633877396583557
kinetics_mini,val/archery/4wXnaqEDh3c_000014_000024,8,16,2.791421413421631,0.007818222045898438,0.1553337574005127,7.0323035288311075e-06,2.122012138366699,26445.10546875,0.7523647546768188,0.26741376519203186
kinetics_mini,val/archery/4wXnaqEDh3c_000014_000024,8,32,2.9265146255493164,0.008628308773040771,0.16273917257785797,2.8629372081923066e-06,1.979153037071228,30561.9453125,0.6826689839363098,0.26954153180122375
kinetics_mini,val/bowling/--dVV4_CSvw_000033_000043,8,2,2.5781562328338623,0.014007925987243652,0.2305595874786377,2.918742575275246e-05,4.356025218963623,4129.70068359375,1.471560001373291,0.30283915996551514
kinetics_mini,val/bowling/--dVV4_CSvw_000033_000043,8,4,3.018547773361206,0.020239055156707764,0.27513623237609863,8.323720976477489e-06,3.1383516788482666,11953.03515625,1.143697738647461,0.3071478307247162
kinetics_mini,val/bowling/--dVV4_CSvw_000033_000043,8,8,3.712125301361084,0.044054627418518066,0.3158825933933258,5.228775989962742e-06,3.953766107559204,12783.4013671875,1.3746685981750488,0.31166890263557434
kinetics_mini,val/bowling/--dVV4_CSvw_000033_000043,8,16,3.738598585128784,0.04527878761291504,0.33950045704841614,2.9488373911590315e-06,3.14449143409729,80479.953125,1.145652174949646,0.3161490559577942
kinetics_mini,val/bowling/--dVV4_CSvw_000033_000043,8,32,3.7419679164886475,0.040742695331573486,0.3755098581314087,5.88946022617165e-06,1.592187762260437,16953.4609375,0.4651090204715729,0.3220621943473816
kinetics_mini,val/bowling/-WH-lxmGJVY_000005_000015,8,2,2.3783118724823,0.0057877302169799805,0.13459157943725586,6.323414709186181e-05,4.12778902053833,18378.03515625,1.4177418947219849,0.3238926827907562
kinetics_mini,val/bowling/-WH-lxmGJVY_000005_000015,8,4,2.570343017578125,0.006201028823852539,0.1454889476299286,6.972876235522563e-06,4.222168922424316,8690.6728515625,1.4403489828109741,0.3253277540206909
kinetics_mini,val/bowling/-WH-lxmGJVY_000005_000015,8,8,2.6837317943573,0.006685078144073486,0.15167003870010376,8.89620332600316e-06,2.620899200439453,11938.8623046875,0.963517427444458,0.32575926184654236
kinetics_mini,val/bowling/-WH-lxmGJVY_000005_000015,8,16,2.803461790084839,0.0073130130767822266,0.1581903100013733,3.2789157557999715e-06,3.133352518081665,19869.021484375,1.1421035528182983,0.32643479108810425
kinetics_mini,val/bowling/-WH-lxmGJVY_000005_000015,8,32,3.2364678382873535,0.009167194366455078,0.18565373122692108,3.119949496976915e-06,1.9228861331939697,30871.61328125,0.6538272500038147,0.3430343270301819
